{
	"info": {
		"_postman_id": "c528af7f-5835-43bd-b955-fb601bae68b6",
		"name": "SmsTeknik HTTP wrapper",
		"schema": "https://schema.getpostman.com/json/collection/v2.1.0/collection.json"
	},
	"item": [
		{
			"name": "Wrapper with Basic Auth",
			"request": {
				"auth": {
					"type": "basic",
					"basic": [
						{
							"key": "username",
							"value": "[username]",
							"type": "string"
						},
						{
							"key": "password",
							"value": "[password]",
							"type": "string"
						}
					]
				},
				"method": "GET",
				"header": [],
				"url": {
					"raw": "https://api.smsteknik.se/send/?nr=+4791804052&sender=test&msg=Dette er en test2",
					"protocol": "https",
					"host": [
						"api",
						"smsteknik",
						"se"
					],
					"path": [
						"send",
						""
					],
					"query": [
						{
							"key": "nr",
							"value": "+4790000000"
						},
						{
							"key": "sender",
							"value": "Test"
						},
						{
							"key": "msg",
							"value": "Dette er en test"
						}
					]
				}
			},
			"response": []
		},
		{
			"name": "Wrapper With No Auth",
			"request": {
				"auth": {
					"type": "noauth"
				},
				"method": "GET",
				"header": [],
				"url": {
					"raw": "https://api.smsteknik.se/send/?id=[accountid]&user=[username]&pass=[password]&nr=+4791804052&sender=test&msg=Dette er en test 3",
					"protocol": "https",
					"host": [
						"api",
						"smsteknik",
						"se"
					],
					"path": [
						"send",
						""
					],
					"query": [
						{
							"key": "id",
							"value": "[accountid]"
						},
						{
							"key": "user",
							"value": "[username]"
						},
						{
							"key": "pass",
							"value": "[password]"
						},
						{
							"key": "nr",
							"value": "+4790000000"
						},
						{
							"key": "sender",
							"value": "Test"
						},
						{
							"key": "msg",
							"value": "Dette er en test"
						}
					]
				}
			},
			"response": []
		}
	]
}