{
	"info": {
		"_postman_id": "edec860b-d14c-4bba-9d43-5b3015a160b1",
		"name": "SmsTeknik XML",
		"schema": "https://schema.getpostman.com/json/collection/v2.1.0/collection.json"
	},
	"item": [
		{
			"name": "XML Simple example with Basic Auth",
			"request": {
				"auth": {
					"type": "basic",
					"basic": [
						{
							"key": "username",
							"value": "[username]",
							"type": "string"
						},
						{
							"key": "password",
							"value": "[password]",
							"type": "string"
						}
					]
				},
				"method": "POST",
				"header": [],
				"body": {
					"mode": "raw",
					"raw": "<?xml version=\"1.0\" encoding=\"utf-8\"?> \r\n<sms-teknik> \r\n    <udmessage><![CDATA[The quick brown fox!]]></udmessage>\r\n    <smssender>Test</smssender> \r\n    <items> \r\n        <recipient> \r\n            <nr>+47900000000</nr> \r\n        </recipient> \r\n        <recipient> \r\n            <nr>+4786471</nr> \r\n        </recipient> \r\n    </items> \r\n</sms-teknik>"
				},
				"url": {
					"raw": "https://api.smsteknik.se/send/xml/",
					"protocol": "https",
					"host": [
						"api",
						"smsteknik",
						"se"
					],
					"path": [
						"send",
						"xml",
						""
					]
				}
			},
			"response": []
		},
		{
			"name": "XML Simple example with No Auth",
			"request": {
				"auth": {
					"type": "noauth"
				},
				"method": "POST",
				"header": [],
				"body": {
					"mode": "raw",
					"raw": "<?xml version=\"1.0\" encoding=\"utf-8\"?> \r\n<sms-teknik> \r\n    <udmessage><![CDATA[The quick brown fox]]></udmessage>\r\n    <smssender>Test</smssender> \r\n    <items> \r\n        <recipient> \r\n            <nr>+4790000000</nr> \r\n        </recipient> \r\n        <recipient> \r\n            <nr>+4786471</nr> \r\n        </recipient> \r\n    </items> \r\n</sms-teknik>"
				},
				"url": {
					"raw": "https://api.smsteknik.se/send/xml/?user=[user]&pass=[password]&id=[accountid]",
					"protocol": "https",
					"host": [
						"api",
						"smsteknik",
						"se"
					],
					"path": [
						"send",
						"xml",
						""
					],
					"query": [
						{
							"key": "user",
							"value": "[user]"
						},
						{
							"key": "pass",
							"value": "[password]"
						},
						{
							"key": "id",
							"value": "[accountid]"
						}
					]
				}
			},
			"response": []
		},
		{
			"name": "XML Delivery Status",
			"request": {
				"auth": {
					"type": "basic",
					"basic": [
						{
							"key": "username",
							"value": "[username]",
							"type": "string"
						},
						{
							"key": "password",
							"value": "[password]",
							"type": "string"
						}
					]
				},
				"method": "POST",
				"header": [],
				"body": {
					"mode": "raw",
					"raw": "<?xml version=\"1.0\" encoding=\"utf-8\"?>\r\n<sms-teknik>\r\n    <smsid>19685512</smsid>\r\n    <smsid>19685526</smsid>\r\n</sms-teknik>"
				},
				"url": {
					"raw": "https://api.smsteknik.se/utilities/getstatus/",
					"protocol": "https",
					"host": [
						"api",
						"smsteknik",
						"se"
					],
					"path": [
						"utilities",
						"getstatus",
						""
					]
				}
			},
			"response": []
		},
		{
			"name": "XML Delte queued SMS",
			"request": {
				"auth": {
					"type": "basic",
					"basic": [
						{
							"key": "username",
							"value": "[username]",
							"type": "string"
						},
						{
							"key": "password",
							"value": "[password]",
							"type": "string"
						}
					]
				},
				"method": "POST",
				"header": [],
				"body": {
					"mode": "raw",
					"raw": "<?xml version=\"1.0\" encoding=\"utf-8\" ?>\r\n<sms-teknik>\r\n    <smsid>6921</smsid>\r\n</sms-teknik>"
				},
				"url": {
					"raw": "https://api.smsteknik.se/utilities/deletequeuedsms/",
					"protocol": "https",
					"host": [
						"api",
						"smsteknik",
						"se"
					],
					"path": [
						"utilities",
						"deletequeuedsms",
						""
					]
				}
			},
			"response": []
		},
		{
			"name": "XML Check credits",
			"request": {
				"auth": {
					"type": "basic",
					"basic": [
						{
							"key": "username",
							"value": "[username]",
							"type": "string"
						},
						{
							"key": "password",
							"value": "[password]",
							"type": "string"
						}
					]
				},
				"method": "POST",
				"header": [],
				"url": {
					"raw": "https://api.smsteknik.se/utilities/checkcredits/",
					"protocol": "https",
					"host": [
						"api",
						"smsteknik",
						"se"
					],
					"path": [
						"utilities",
						"checkcredits",
						""
					]
				}
			},
			"response": []
		}
	]
}