﻿{
  "ProviderId": "Microsoft.VisualStudio.ConnectedService.Wcf",
  "Version": "15.0.40203.910",
  "GettingStartedDocument": {
    "Uri": "https://go.microsoft.com/fwlink/?linkid=858517"
  },
  "ExtendedData": {
    "inputs": [
      "https://api.smsteknik.se/utilities/Utilities.asmx"
    ],
    "collectionTypes": [
      "System.Array",
      "System.Collections.Generic.Dictionary`2"
    ],
    "namespaceMappings": [
      "*, se.smsteknik.utilities"
    ],
    "targetFramework": "net5.0",
    "typeReuseMode": "None"
  }
}